,company_name,text,support_Count,rank,sentiment,polarity,userID,mentioned_userID,timestamp_ID,company_ID,tweet_ID
0,IOC,"You know we got to finish the menu with something sweet for the @bts_bighit event at @AllegiantStadm ! Presenting Green Tea Infused Soft Chocolate, Coconut Tapioca &amp; Dragon üêâ Fruit. Next time Im doing a purple dessert for the #BTSARMY  üíú üôè #bts https://t.co/7gpC3irMNE",3936.0,1.0,0.0625,0.0625,[23],"[36, 50, 32]",0,8,0
1,GAIL,75 years old legend gail falkenberg keeps tennis alive https://t.co/lBfqi5Sm8c,90.0,1.0,0.1,0.1,[6],"[73, 78, 46]",0,17,1
2,ITC,"I‚Äôm here with a new friend‚Ä¶an amazing beekeeper near Chernihiv north of Kyiv! He lost 80 percent of his hives‚Ä¶his house &amp; car shelled by bombs, but he still donates the honey to hospital, shelters‚Ä¶anyone who needs. @WCKitchen is going to help him rebuild! #ChefsForUkraine üá∫üá¶ https://t.co/qzNATvxz2j",27813.0,1.0,0.27878788,0.27878788,[7],"[69, 49, 35]",0,4,2
3,ITC,üí• \I‚Äôm getting calls from these really large institutions that are building small buckets of #bitcoin.\ - Billionaire Orlando Bravo üëÄ,3300.0,2.0,-0.017857144,-0.017857144,[22],"[73, 43, 62]",0,4,3
4,ZOMATO,How #Twitter came together to help a #zomato delivery executive buy a bike‚ú®\n\n@Adityaaa_Sharma https://t.co/j5ObyF0e10,650.0,1.0,0.0,0.0,[16],"[69, 34, 55]",1,18,4
5,ZOMATO,"Hey @zomato instead of pushing your hapless delivery partners into 10 minute orders while so many of them struggle on cycles in the heat, maybe at least streamline systems enough for normally timed deliveries . Every time I‚Äôve used you past few weeks massive delays, poor response",320.0,2.0,-0.12222222,-0.12222222,[25],"[68, 67, 64]",1,18,5
6,ZOMATO,#Zomato introduces a food quality policy for restaurants w.e.f April 18\n\n@zomato to disable restaurants found with severe food quality complaints from its platform.\n\n@Shilparanipeta reports https://t.co/fNM3bbEHz9,244.0,3.0,0.0,0.0,[2],"[65, 34, 37]",1,18,6
7,ZOMATO,"urgent attentionüö®\n\n@zomato @zomatocare \n\nI wouldnt want call to you this but you are an \exploiter\\n\nFrom not paying the delivery executive enough, promoting bizzare and menacing strategy like \10 minutes delivery\ to ignoring the health and care of delivery executive.\n\n ++++",212.0,4.0,-0.5,-0.5,[26],"[38, 56, 37]",1,18,7
8,MPHASIS,"@FEGtoken @joincoinio FEG is focused on reshaping and evolving how decentralized finance (DeFi) works with an emphasis on passive income, security, and accessibility.\nhttps://t.co/TkNJfLFO23",1050.0,1.0,0.0,0.0,[6],"[78, 48, 61]",1,20,8
9,ITC,"A crisis of confidence in countries, currencies, banks, &amp; conventional finance is driving an explosion of interest in #bitcoin and the crypto-economy. @cvpayne &amp; I discuss the ongoing digital asset debates in the finance &amp; technology community and why enthusiasm is surging. https://t.co/VK8uGIgOiF",7469.0,1.0,-0.071428575,-0.071428575,[7],"[64, 73, 46]",1,4,9
10,ZOMATO,I did something fun with @zomato! Check it out üçÖ\n\nhttps://t.co/ACdApBqSUa,1120.0,1.0,0.3,0.3,[11],"[41, 77, 42]",2,18,10
11,ZOMATO,"Luck been so bad in ZPL recently, only LORD Thakur can turntable it ‚ù§Ô∏è @zomato https://t.co/8ZmvKQPXeC",724.0,2.0,-0.35,-0.35,[24],"[55, 48, 78]",2,18,11
12,ZOMATO,@zomato #KKRAdmin was tweeting faster üòÜ,612.0,3.0,0.0,0.0,[21],"[47, 36, 75]",2,18,12
13,GLAND,"Welp‚Äîjust got denied Paxlovid by my healthcare plan. Got told they will only give out to severely immunocompromised‚Äîlike organ transplant, chemotherapy, or HIV. So, not having a thymus gland doesn‚Äôt qualifyü§∑üèª‚Äç‚ôÇÔ∏è. (‚ÄúT-cells‚Äù officially called thymus-derived lymphocytes)\n\nMeanwhile: https://t.co/HmxDa1RO0u",7169.0,1.0,0.0,0.0,[29],"[38, 32, 37]",2,23,13
14,GLAND,3) I do wish I had all of my right lung ü´Å though - lost part of it when I was 17 years old. A thymus gland would give me more peace of mind too. But such is life. Many people have unseen immunocompromised/ risk factors. Let‚Äôs all try to protect each other. üôè https://t.co/AC0WrjA0VP,3349.0,2.0,0.21011905,0.21011905,[6],"[54, 67, 56]",2,23,14
15,GLAND,3) I lost my thymus gland when I was 17 years old. T-cell maturation mostly happens when you‚Äôre young and in teenage years. So its borderline debatable how immunocompromised I am. But thymus can stay active until 40s. https://t.co/AC0WrjA0VP,1173.0,3.0,0.11333334,0.11333334,[9],"[48, 64, 42]",2,23,15
16,GLAND,"The yellow-spotted rock hyrax can be a bit clingy. How so? Its feet are specially equipped for scaling rocky terrain, thanks to secretions from a special gland on the bottom of its hairless feet. Its moistened paws contract into a cup shape, creating a suction cup-like effect!üêæ https://t.co/kaxiZVJVpG",364.0,4.0,0.22857143,0.22857143,[16],"[35, 52, 42]",2,23,16
17,GLAND,"The #thyroid gland releases hormones that affect the heart. Too little thyroid hormone slows the #heart rate and may boost blood pressure and cholesterol levels, while too much can trigger abnormal heart rhythms and high blood pressure: https://t.co/YjVMBsJ5cF #HarvardHealth https://t.co/x3XjQJnFie",295.0,5.0,0.0575,0.0575,[24],"[63, 78, 48]",2,23,17
18,GLAND,"Hypothyroidism is when your thyroid gland doesn‚Äôt make enough of certain key hormones. It can cause muscle and joint aches, as well as swelling and tenderness. https://t.co/xetPxHyuzu https://t.co/RlJ9CVA6EE",98.0,6.0,0.071428575,0.071428575,[7],"[47, 57, 77]",2,23,18
19,GAIL,"#Happydalithistorymonth! As a we open a this years theme on caste, labor, and migration we honor #gailomvedt for all of her incredible insight and scholarship which brought global attention to dalit, our dignity and labor! https://t.co/RofkDzGdT9",64.0,1.0,0.3,0.3,[16],"[57, 44, 39]",2,17,19
20,ITC,"Peter Thiel says a ‚Äúfinance gerontocracy‚Äù ‚Äî Warren Buffett, Jamie Dimon and Larry Fink ‚Äî is keeping #Bitcoin from reaching $100,000. Billionaire calls Berkshire CEO a ‚Äòsociopathic grandpa.‚Äô https://t.co/XlRn0jq9vn https://t.co/JQQVXLwtSk",2358.0,1.0,0.0,0.0,[3],"[58, 68, 33]",2,4,20
21,ITC,Bull United $PIT\n\n#TheMiamiBull #miamibull #Bitcoin #wallstreet #Bitcoin2022 #btc #bnb #bull #pitbulltoken #pitbull #bitcoinmiami2022 #finance https://t.co/qx7sONKZXF,2029.0,2.0,0.0,0.0,[6],"[46, 69, 38]",2,4,21
22,ITC,üö® PSA üö® \n\nBitcoin is inevitable\nBitcoin is for everyone\nR.I.P 1949 Finance ü¶ñ\n\nSpread the word (üîÅ) to unlock up to 200x Blinko (BTC) bonuses through the end of the day.\n\n + were going to give one of yall 1M sats ü§Ø. Be sure to hit follow so we can DM you. \n\nDeets below üëá,864.0,3.0,0.25,0.25,[19],"[41, 33, 66]",2,4,22
23,RELIANCE,"This afternoon, I toured POET Bioprocessing ‚Äî a biofuel plant in Iowa. We want to see facilities like these all over the Midwest. They support farmers, create good-paying jobs, reduce our reliance on foreign oil, and give you a choice at the pump. https://t.co/M9JnxiZsNG",10438.0,1.0,0.2875,0.2875,[28],"[79, 63, 42]",3,0,23
24,RELIANCE,"1/ Secretary Yellen‚Äôs latest public remarks are nothing short of remarkable.\n\nHere, the top US govt official in charge of the financial system talks about Satoshi Nakamotos innovation:\n\n‚ÄúNew technology has raised the possibility of reduced reliance on centralized intermediaries‚Äù https://t.co/rAG7txHTLl",3108.0,2.0,0.26948053,0.26948053,[24],"[59, 32, 44]",3,0,24
25,RELIANCE,"Every so often you have to remind yourself that the UK is one of the richest nations on Earth. To reach this point - of such wide reliance on foodbanks - required years of extreme mismanagement, pointless cuts in services and concentration of wealth. \nhttps://t.co/mB4BOtRb43",2885.0,3.0,-0.11875,-0.11875,[17],"[71, 62, 34]",3,0,25
26,RELIANCE,"Weve set out our bold new plans to tackle illegal migration, control our borders &amp; crack down on the people-smuggling trade:\n\nüá¨üáßü§ùüá∑üáº New international migration partnership\n‚úÖ Military command to tackle small boats crossings.\n‚úÖ New asylum centres.\n‚úÖ Ending reliance on hotels. https://t.co/oPZ6MDuDzz",2295.0,4.0,-0.029236812,-0.029236812,[23],"[67, 63, 54]",3,0,26
27,RELIANCE,"‚ÄúIt‚Äôs not that I am trying to do social engineering around people using bikes, walking &amp; transit. I am trying to undo the 60+ years of social engineering around the complete reliance on the automobile.‚Äù ‚Äî well said @gabe_klein. #cardependency https://t.co/W4cLQILkCe",1065.0,5.0,0.055555556,0.055555556,[16],"[49, 52, 56]",3,0,27
28,RELIANCE,"We all must condemn Putin‚Äôs horrific acts of cruelty. But to stop the war, we also must end our reliance on Russian energy resources. It‚Äôs the only way. https://t.co/BLy0xtCbWB",1039.0,6.0,-0.33333334,-0.33333334,[13],"[59, 79, 48]",3,0,28
29,RELIANCE,"Look at how Somaliland moved swiftly to mobilise funds to help victims of market fire. \n\nIn just two weeks, 988 victims identified, 1.8m USD disbursed and more to come.\n\nImpressive show of what a functional order, social cohesion, self-reliance and mutual solidarity can achieve. https://t.co/1Sm3ogCBK9",934.0,7.0,0.51111114,0.51111114,[21],"[54, 77, 34]",3,0,29
30,RELIANCE,US vs. EU in a nutshell:\n\nUS treasury secretary Janet Yellen -\n‚ÄúNew technology has raised the possibility of reduced reliance on centralized intermediaries‚Äù\n\nECB president Christine Lagarde -\n\Cryptocurrencies are highly speculative and suspicious\ https://t.co/f95ebQVLBs,909.0,8.0,0.14818181,0.14818181,[6],"[57, 74, 69]",3,0,30
31,RELIANCE,"For the first time in 22 years, Greece will start exploration of local natural gas deposits to cut reliance onüá∑üá∫energy,üá¨üá∑PM announced\n\nüá¨üá∑had such plans before but low crude prices in previous years, lack of political will,shift to green energy stalled them https://t.co/N2crsY2vff",718.0,9.0,-0.07962963,-0.07962963,[18],"[58, 38, 76]",3,0,31
32,RELIANCE,"Held delightful interaction with officials of Agriculture deptt. during my felicitation programme in Sanjenthong, Imphal.\n\nAddressed the esteemed members present at ceremony &amp; emphasized upon realising Adarniya PM @narendramodi Jis vision of self-reliance in #Agriculture sector. https://t.co/A7QtsLAbqV",677.0,10.0,0.5,0.5,[6],"[76, 71, 54]",3,0,32
33,TCS,"Join us on the 26.2 journey from Hopkinton to Boston with our #BostonMarathon Course Overview ‚Äî powered by @tcs_na, our Official Technology Consulting Partner. \n\n#WeBelieveBoston #Boston126 https://t.co/TQZOeXY1mC",205.0,1.0,0.0,0.0,[15],"[61, 38, 77]",3,1,33
34,ITC,"Switching to new providers altogether will be hard work, however. India is thought to import more than 10,000 types of spare parts from Russia each year https://t.co/mg02XIe90d",89.0,1.0,0.11489899,0.11489899,[25],"[71, 65, 45]",3,4,34
35,ITC,Europe has committed to weaning itself off Russian fossil fuels. But the solution is not replacing it with U.S. gas ‚Äì its ending our reliance on fossil fuels completely by switching to 100% clean energy. https://t.co/BTjtcimgDN,46.0,2.0,0.15555556,0.15555556,[6],"[77, 39, 79]",3,4,35
36,HDFC,Unbelievable. So source of tracking succession on hdfc bank was being in next building! Is this how research is done these days? https://t.co/uoMP09z4PR,276.0,1.0,-0.125,-0.125,[24],"[68, 44, 38]",4,2,36
37,NTPC,.@ntpclimited collaborates with @DelhiJalBoard to convert Waste into Energy\n\nNTPC is taking various steps to make its energy portfolio greener and plans to have 60 GW capacity through Renewable Energy sources by 2032.\n\nRead here: https://t.co/WwTUHxBmh3,57.0,1.0,-0.1,-0.1,[25],"[65, 33, 57]",4,7,37
38,RELIANCE,BREAKING: Denmark plans to temporarily increase North Sea gas production to reduce its reliance on Russian gas,34854.0,1.0,0.0,0.0,[10],"[45, 58, 61]",4,0,38
39,RELIANCE,"Every so often you have to remind yourself that the UK is one of the richest nations on Earth. To reach this point - of such wide reliance on foodbanks - required years of extreme mismanagement, pointless cuts in services and concentration of wealth. \nhttps://t.co/mB4BOtRb43",3256.0,2.0,-0.11875,-0.11875,[12],"[75, 72, 36]",4,0,39
40,RELIANCE,"Weve set out our bold new plans to tackle illegal migration, control our borders &amp; crack down on the people-smuggling trade:\n\nüá¨üáßü§ùüá∑üáº New international migration partnership\n‚úÖ Military command to tackle small boats crossings.\n‚úÖ New asylum centres.\n‚úÖ Ending reliance on hotels. https://t.co/oPZ6MDuDzz",2299.0,3.0,-0.029236812,-0.029236812,[27],"[40, 38, 72]",4,0,40
41,RELIANCE,"In #Gandhi‚Äôs house I was taught how to spin the ‚Äúcharkha‚Äù - a symbol of self-reliance, perseverance, determination and freedom. May it also be a reminder of the will and commitment that we need to make the world a healthier, safer, fairer, more sustainable and peaceful place. üôè https://t.co/AnBMmwzTdm",1987.0,4.0,0.375,0.375,[7],"[55, 50, 53]",4,0,41
42,RELIANCE,There are scare stories on the front of right wing papers today about how ‚ÄúLabor will drive up power prices‚Äù but here is the actual truth they won‚Äôt report: reliance on coal and gas means bill are ALREADY going up,1653.0,5.0,0.14285715,0.14285715,[16],"[69, 50, 62]",4,0,42
43,RELIANCE,"‚ÄúIt‚Äôs not that I am trying to do social engineering around people using bikes, walking &amp; transit. I am trying to undo the 60+ years of social engineering around the complete reliance on the automobile.‚Äù ‚Äî well said @gabe_klein. #cardependency https://t.co/W4cLQILkCe",1170.0,6.0,0.055555556,0.055555556,[19],"[35, 52, 67]",4,0,43
44,RELIANCE,"BREAKING: I just announced our states first-ever Clean Energy Plan‚Äîa roadmap to lower energy bills and prices at the pump, reduce reliance on out-of-state energy sources, and invest in job training and apprenticeships in innovative industries and technologies. https://t.co/AffngDmODN",1075.0,7.0,0.37222221,0.37222221,[5],"[58, 55, 34]",4,0,44
45,RELIANCE,"Look at how Somaliland moved swiftly to mobilise funds to help victims of market fire. \n\nIn just two weeks, 988 victims identified, 1.8m USD disbursed and more to come.\n\nImpressive show of what a functional order, social cohesion, self-reliance and mutual solidarity can achieve. https://t.co/1Sm3ogCBK9",947.0,8.0,0.51111114,0.51111114,[14],"[72, 76, 46]",4,0,45
46,RELIANCE,"DRDO salutes the exemplary contributions of Brig (Dr) SK Salwan, AVSM, VSM (Retd) &amp; former Emeritus Scientist, DRDO. His techno-managerial leadership across the spectrum of Missiles, Armaments, Explosives Safety and Strategic Systems strengthened self-reliance in Defence. https://t.co/3g9dIpIQv5",805.0,9.0,0.0,0.0,[26],"[75, 67, 78]",4,0,46
47,RELIANCE,"Govt energy strategy had to cut reliance on Russian gas, slash bills &amp; secure a safe climate - it failed on all fronts\n\nInstead what we got yesterday was @KwasiKwarteng not denying reports of scrapping green levies which *cut* energy costs\n\nUtterly absurd\n\nhttps://t.co/KsslGzbseo",445.0,10.0,-0.05,-0.05,[13],"[72, 39, 66]",4,0,47
48,RELIANCE,"This afternoon, I toured POET Bioprocessing ‚Äî a biofuel plant in Iowa. We want to see facilities like these all over the Midwest. They support farmers, create good-paying jobs, reduce our reliance on foreign oil, and give you a choice at the pump. https://t.co/M9JnxiZsNG",9940.0,1.0,0.2875,0.2875,[3],"[51, 74, 46]",5,0,48
49,RELIANCE,"1/ Secretary Yellen‚Äôs latest public remarks are nothing short of remarkable.\n\nHere, the top US govt official in charge of the financial system talks about Satoshi Nakamotos innovation:\n\n‚ÄúNew technology has raised the possibility of reduced reliance on centralized intermediaries‚Äù https://t.co/rAG7txHTLl",2867.0,2.0,0.26948053,0.26948053,[29],"[67, 71, 58]",5,0,49
50,RELIANCE,"The Conservatives have had 12 years to end the UK‚Äôs reliance on imported fossil fuels. \n \nThey chose not to. \n \nLabour is on your side. We would introduce cheap, clean, British renewables and nuclear energy. https://t.co/o2CYcCO85M",2077.0,3.0,0.25555557,0.25555557,[15],"[41, 44, 48]",5,0,50
51,RELIANCE,\Theyll make up any old cobblers...\\n\nLabours @Ed_Miliband reacts to Tory chair Oliver Dowden blaming Labour for the UK‚Äôs ‚Äúreliance‚Äù on Russian oil and gas.\n\n#KayBurley JP https://t.co/n3yjXFeLPw,1059.0,4.0,0.05,0.05,[10],"[37, 57, 47]",5,0,51
52,RELIANCE,"We all must condemn Putin‚Äôs horrific acts of cruelty. But to stop the war, we also must end our reliance on Russian energy resources. It‚Äôs the only way. https://t.co/BLy0xtCbWB",1017.0,5.0,-0.33333334,-0.33333334,[26],"[44, 35, 49]",5,0,52
53,RELIANCE,"Indigenous Defence prowess shaping the new India, an #AatmanirbharBharat!\n\nIn a continuous pursuit of self-reliance, MoD has notified the third positive indigenisation list comprising 101 weapons/systems/platforms/equipment. https://t.co/cHIMlEtO0K",902.0,6.0,0.14090909,0.14090909,[24],"[65, 36, 50]",5,0,53
54,RELIANCE,US vs. EU in a nutshell:\n\nUS treasury secretary Janet Yellen -\n‚ÄúNew technology has raised the possibility of reduced reliance on centralized intermediaries‚Äù\n\nECB president Christine Lagarde -\n\Cryptocurrencies are highly speculative and suspicious\ https://t.co/f95ebQVLBs,784.0,7.0,0.14818181,0.14818181,[24],"[52, 47, 58]",5,0,54
55,RELIANCE,"For the first time in 22 years, Greece will start exploration of local natural gas deposits to cut reliance onüá∑üá∫energy,üá¨üá∑PM announced\n\nüá¨üá∑had such plans before but low crude prices in previous years, lack of political will,shift to green energy stalled them https://t.co/N2crsY2vff",701.0,8.0,-0.07962963,-0.07962963,[27],"[42, 66, 37]",5,0,55
56,RELIANCE,"Held delightful interaction with officials of Agriculture deptt. during my felicitation programme in Sanjenthong, Imphal.\n\nAddressed the esteemed members present at ceremony &amp; emphasized upon realising Adarniya PM @narendramodi Jis vision of self-reliance in #Agriculture sector. https://t.co/A7QtsLAbqV",665.0,9.0,0.5,0.5,[8],"[59, 75, 67]",5,0,56
57,RELIANCE,If you were wondering whether Germany‚Äôs shift away from Russia would lead to more reliance on Beijing: 83% of Germans think reducing economic dependence on China is important or very important. That‚Äôs huge. https://t.co/I15JfudBrN,460.0,10.0,0.404,0.404,[23],"[67, 52, 34]",5,0,57
58,TCS,"Join us on the 26.2 journey from Hopkinton to Boston with our #BostonMarathon Course Overview ‚Äî powered by @tcs_na, our Official Technology Consulting Partner. \n\n#WeBelieveBoston #Boston126 https://t.co/TQZOeXY1mC",136.0,1.0,0.0,0.0,[3],"[51, 58, 41]",5,1,58
59,ITC,"Surprise!! I‚Äôm the newest Cash App ambassadorü§ëüíö\n\nTo celebrate, I‚Äôm giving away $100,000 in bitcoin! All you have to do is follow @cashapp and quote tweet this with your $cashtag and #bitcoinbella :) https://t.co/FOO9CCB24O",29614.0,1.0,0.0,0.0,[28],"[52, 61, 67]",5,4,59
60,ITC,Europe has committed to weaning itself off Russian fossil fuels. But the solution is not replacing it with U.S. gas ‚Äì its ending our reliance on fossil fuels completely by switching to 100% clean energy. https://t.co/BTjtci4Ffd,71.0,2.0,0.15555556,0.15555556,[16],"[46, 68, 76]",5,4,60
61,ONGC,".@CMD_ONGC Dr @AlkaMittal_9 conferred with #VirasatSamman at #VirasatHeritageFestival held in Dehradun, by DGP #Uttarakhand @AshokKumar_IPS \n#ongc @PetroleumMin @HardeepSPuri @Rameswar_Teli https://t.co/OO7cGLIfMg",50.0,1.0,0.0,0.0,[20],"[58, 77, 78]",6,5,61
62,RELIANCE,"This afternoon, I toured POET Bioprocessing ‚Äî a biofuel plant in Iowa. We want to see facilities like these all over the Midwest. They support farmers, create good-paying jobs, reduce our reliance on foreign oil, and give you a choice at the pump. https://t.co/M9JnxiZsNG",10338.0,1.0,0.2875,0.2875,[8],"[39, 78, 35]",6,0,62
63,RELIANCE,"1/ Secretary Yellen‚Äôs latest public remarks are nothing short of remarkable.\n\nHere, the top US govt official in charge of the financial system talks about Satoshi Nakamotos innovation:\n\n‚ÄúNew technology has raised the possibility of reduced reliance on centralized intermediaries‚Äù https://t.co/rAG7txHTLl",3069.0,2.0,0.26948053,0.26948053,[7],"[54, 59, 67]",6,0,63
64,RELIANCE,"Weve set out our bold new plans to tackle illegal migration, control our borders &amp; crack down on the people-smuggling trade:\n\nüá¨üáßü§ùüá∑üáº New international migration partnership\n‚úÖ Military command to tackle small boats crossings.\n‚úÖ New asylum centres.\n‚úÖ Ending reliance on hotels. https://t.co/oPZ6MDuDzz",1815.0,3.0,-0.029236812,-0.029236812,[16],"[71, 63, 64]",6,0,64
65,RELIANCE,"We all must condemn Putin‚Äôs horrific acts of cruelty. But to stop the war, we also must end our reliance on Russian energy resources. It‚Äôs the only way. https://t.co/BLy0xtCbWB",1028.0,4.0,-0.33333334,-0.33333334,[3],"[54, 65, 78]",6,0,65
66,RELIANCE,US vs. EU in a nutshell:\n\nUS treasury secretary Janet Yellen -\n‚ÄúNew technology has raised the possibility of reduced reliance on centralized intermediaries‚Äù\n\nECB president Christine Lagarde -\n\Cryptocurrencies are highly speculative and suspicious\ https://t.co/f95ebQVLBs,819.0,5.0,0.14818181,0.14818181,[12],"[38, 75, 35]",6,0,66
67,RELIANCE,"For the first time in 22 years, Greece will start exploration of local natural gas deposits to cut reliance onüá∑üá∫energy,üá¨üá∑PM announced\n\nüá¨üá∑had such plans before but low crude prices in previous years, lack of political will,shift to green energy stalled them https://t.co/N2crsY2vff",717.0,6.0,-0.07962963,-0.07962963,[18],"[76, 53, 60]",6,0,67
68,RELIANCE,"Held delightful interaction with officials of Agriculture deptt. during my felicitation programme in Sanjenthong, Imphal.\n\nAddressed the esteemed members present at ceremony &amp; emphasized upon realising Adarniya PM @narendramodi Jis vision of self-reliance in #Agriculture sector. https://t.co/A7QtsLAbqV",669.0,7.0,0.5,0.5,[24],"[62, 59, 64]",6,0,68
69,RELIANCE,"1/2 As others have pointed out, this topic is extremely difficult to write about in a fair, respectful way. But @TalKopan and @joegarofoli do a careful, detailed, convincing job ‚Äî even given extensive reliance on unnamed sources. \n\nhttps://t.co/vMEnciTjNq",436.0,8.0,0.21428572,0.21428572,[29],"[33, 75, 65]",6,0,69
70,RELIANCE,"(Reuters) - British Prime Minister Boris Johnson and U.S. President Joe Biden discussed boosting military and economic support to Ukraine on Tuesday as well as the need to end Western reliance on Russian oil and gas, a spokeswoman for Johnsons office said.",419.0,9.0,0.02,0.02,[7],"[51, 61, 78]",6,0,70
71,RELIANCE,"Greece will accelerate its plans to explore for natural gas as part of efforts to cut its reliance on Russian supplies, Prime Minister Kyriakos Mitsotakis said on Tuesday. https://t.co/x4JodfDve6",368.0,10.0,0.05,0.05,[22],"[61, 62, 66]",6,0,71
72,TCS,"Join us on the 26.2 journey from Hopkinton to Boston with our #BostonMarathon Course Overview ‚Äî powered by @tcs_na, our Official Technology Consulting Partner. \n\n#WeBelieveBoston #Boston126 https://t.co/TQZOeXY1mC",201.0,1.0,0.0,0.0,[25],"[45, 77, 34]",6,1,72
73,HDFC,üòÇüò≠Best meme on #hdfcbank and #HDFC merger so far! Via @vimsicle \n#RRR #Naatu https://t.co/rZ77K4Hvb2,4268.0,1.0,0.1,0.1,[27],"[44, 64, 53]",7,2,73
74,HDFC,"So much of social media, e-com, mails, e comm sites, apps - Netflix, Amazon, Hotstar, hdfc, youtube, axis, I have no more password combinations left in meü§îü§®üôá‚Äç‚ôÇÔ∏èüí≠ https://t.co/wZmrZzWt6K",603.0,2.0,-0.072222225,-0.072222225,[20],"[59, 34, 60]",7,2,74
75,HDFC,Why the Punjab Police service account has been given to @HDFC_Bank despite having number of PSUs. \n\nI request the CM @BhagwantMann &amp; @HarpalCheemaMLA to look into this.\n\n#hdfcbank,298.0,3.0,0.0,0.0,[4],"[33, 63, 39]",7,2,75
76,RELIANCE,"There is no obstacle that cannot be overcome if the nation forges unity in its ranks &amp; has the determination to succeed against odds. Quaid-i-Azams motto of \work, work &amp; work \ is a beacon light for the nation to galvanize itself in the pursuit of self-reliance &amp; bright future.",4506.0,1.0,0.36666667,0.36666667,[25],"[62, 78, 32]",7,0,76
77,RELIANCE,The big hike in energy bills from today shows us we are short of electricity and gas. The government needs to take more urgent action to increase domestic supply and end our dangerous and expensive reliance on imports.,4411.0,2.0,-0.071428575,-0.071428575,[2],"[67, 55, 57]",7,0,77
78,RELIANCE,"For those misinterpreting my remark, it has always been my conviction that true independence comes from self-reliance. The concept of sovereignty is incomplete without economic sovereignty, which cannot be achievd without blood, sweat and tears. https://t.co/mEekko1tCP",4029.0,3.0,0.275,0.275,[24],"[45, 48, 34]",7,0,78
79,RELIANCE,"The over-reliance on Babar Azam and Mohammad Rizwan is there for all to see, as the so-called finishers in the middle-order are doing nothing most of the time #PAKvAUS #Cricket",3334.0,4.0,0.25,0.25,[21],"[75, 50, 36]",7,0,79
80,RELIANCE,"The Conservatives have had 12 years to end the UK‚Äôs reliance on imported fossil fuels. \n \nThey chose not to. \n \nLabour is on your side. We would introduce cheap, clean, British renewables and nuclear energy. https://t.co/o2CYcCO85M",2013.0,5.0,0.25555557,0.25555557,[2],"[67, 42, 37]",7,0,80
81,RELIANCE,Our countrys reliance on fossil fuels empowers dictators like Putin. I stand with a broad coalition of groups calling for action to get our economy off of fossil fuels and double down on clean energy investments. The time to act is now. https://t.co/xSpMxeSqH3,1881.0,6.0,0.07472222,0.07472222,[6],"[74, 44, 59]",7,0,81
82,RELIANCE,"Electric vehicles will decrease our reliance on fossil fuels, but it will massively increase our reliance on China! \n\nHunter Biden has helped the Chinese buy cobalt mines to make electric batteries, while @JoeBiden pushes us toward electric cars. ü§îü§îü§î",1122.0,7.0,0.0,0.0,[1],"[49, 75, 64]",7,0,82
83,RELIANCE,\Theyll make up any old cobblers...\\n\nLabours @Ed_Miliband reacts to Tory chair Oliver Dowden blaming Labour for the UK‚Äôs ‚Äúreliance‚Äù on Russian oil and gas.\n\n#KayBurley JP https://t.co/n3yjXFeLPw,1039.0,8.0,0.05,0.05,[20],"[39, 52, 32]",7,0,83
84,RELIANCE,"Indigenous Defence prowess shaping the new India, an #AatmanirbharBharat!\n\nIn a continuous pursuit of self-reliance, MoD has notified the third positive indigenisation list comprising 101 weapons/systems/platforms/equipment. https://t.co/cHIMlEtO0K",816.0,9.0,0.14090909,0.14090909,[10],"[34, 78, 51]",7,0,84
85,RELIANCE,"There are many possible critiques of Pakistan‚Äôs reliance on IMF/foreign aid, but we are outraging over how mere admission of such dependence insults our national pride\n\nFamily, community, nation - our destructive obsession with defending ‚Äúghairat‚Äù is frighteningly easy to exploit",712.0,10.0,-0.041666668,-0.041666668,[19],"[77, 65, 35]",7,0,85
86,ITC,"Greece will ramp up coal mining to help cut reliance on gas. \n\nNot exactly a climate friendly switch, but energy security trumps emissions, at least for next 5+ years. \n\nhttps://t.co/gjZZDgsEuM",191.0,1.0,-0.0125,-0.0125,[10],"[68, 59, 71]",7,4,86
87,ZOMATO,I did something fun with @zomato! Check it out üçÖ\n\nhttps://t.co/ACdApBqSUa,1150.0,1.0,0.3,0.3,[21],"[58, 45, 73]",8,18,87
88,ZOMATO,@zomato #KKRAdmin was tweeting faster üòÜ,612.0,2.0,0.0,0.0,[25],"[60, 77, 32]",8,18,88
89,ZOMATO,"urgent attentionüö®\n\n@zomato @zomatocare \n\nI wouldnt want call to you this but you are an \exploiter\\n\nFrom not paying the delivery executive enough, promoting bizzare and menacing strategy like \10 minutes delivery\ to ignoring the health and care of delivery executive.\n\n ++++",196.0,3.0,-0.5,-0.5,[26],"[68, 38, 75]",8,18,89
90,ZOMATO,Today on a summer afternoon of Delhi \41¬∞C\ a DE came to deliver my food from from a restaurant 2kms away from my home. \n\nI am shocked to see a company like @zomato @zomatocare couldnt provide a needy with a two wheeler who actually works for them.\n\n++,54.0,4.0,-0.35,-0.35,[25],"[73, 34, 76]",8,18,90
91,ZOMATO,"Another tragic situation would be to witness these DEs climbing the building which doesnt have a lift and customers being not so co-operative. \n\nI mean, i understand you providing them employment but cant you lend a two wheeler for your own service @zomato @zomatocare ?",49.0,5.0,-0.15416667,-0.15416667,[18],"[53, 50, 38]",8,18,91
92,GLAND,"Welp‚Äîjust got denied Paxlovid by my healthcare plan. Got told they will only give out to severely immunocompromised‚Äîlike organ transplant, chemotherapy, or HIV. So, not having a thymus gland doesn‚Äôt qualifyü§∑üèª‚Äç‚ôÇÔ∏è. (‚ÄúT-cells‚Äù officially called thymus-derived lymphocytes)\n\nMeanwhile: https://t.co/HmxDa1RO0u",8979.0,1.0,0.0,0.0,[20],"[38, 74, 76]",8,23,92
93,GLAND,3) I do wish I had all of my right lung ü´Å though - lost part of it when I was 17 years old. A thymus gland would give me more peace of mind too. But such is life. Many people have unseen immunocompromised/ risk factors. Let‚Äôs all try to protect each other. üôè https://t.co/AC0WrjA0VP,3457.0,2.0,0.21011905,0.21011905,[20],"[38, 47, 43]",8,23,93
94,GLAND,3) I lost my thymus gland when I was 17 years old. T-cell maturation mostly happens when you‚Äôre young and in teenage years. So its borderline debatable how immunocompromised I am. But thymus can stay active until 40s. https://t.co/AC0WrjA0VP,1444.0,3.0,0.11333334,0.11333334,[19],"[33, 48, 77]",8,23,94
95,GLAND,"The yellow-spotted rock hyrax can be a bit clingy. How so? Its feet are specially equipped for scaling rocky terrain, thanks to secretions from a special gland on the bottom of its hairless feet. Its moistened paws contract into a cup shape, creating a suction cup-like effect!üêæ https://t.co/kaxiZVJVpG",370.0,4.0,0.22857143,0.22857143,[27],"[41, 67, 42]",8,23,95
96,GLAND,Hypothyroidism is when your thyroid gland doesn‚Äôt make enough of certain key hormones. Symptoms to watch for: https://t.co/TfW9ndKeiv https://t.co/CU3pL2JAMp,162.0,5.0,0.071428575,0.071428575,[21],"[41, 34, 72]",8,23,96
97,GAIL,"@gailsiemko @choftk @jodster_farr @mov46 @gonzo_30531 @gonny_aarts @959angela @robinson4206 @SeptemberDee @MTBTTLady @WhatsupLiz @daniela27 @Mother3Teresa @tserings @Andiecip @SomiaQuilt @scentlodge @BlueJays Happy Saturday, Gail!! xo",12.0,1.0,0.8,0.8,[13],"[38, 73, 50]",8,17,97
98,ITC,"#Bitcoin to $50‚Äô000 next week!\n\nIf not, I‚Äôm giving away $1000 USDT to a commenter &amp; retweeted!",19480.0,1.0,0.0,0.0,[12],"[52, 58, 35]",8,4,98
99,ITC,Bull United $PIT\n\n#TheMiamiBull #miamibull #Bitcoin #wallstreet #Bitcoin2022 #btc #bnb #bull #pitbulltoken #pitbull #bitcoinmiami2022 #finance https://t.co/qx7sONKZXF,2484.0,2.0,0.0,0.0,[7],"[44, 68, 52]",8,4,99
100,ITC,üö® PSA üö® \n\nBitcoin is inevitable\nBitcoin is for everyone\nR.I.P 1949 Finance ü¶ñ\n\nSpread the word (üîÅ) to unlock up to 200x Blinko (BTC) bonuses through the end of the day.\n\n + were going to give one of yall 1M sats ü§Ø. Be sure to hit follow so we can DM you. \n\nDeets below üëá,903.0,3.0,0.25,0.25,[23],"[63, 41, 74]",8,4,100
101,UPL,"Upon completion of Balikatan 22, military vehicles from the Army Prepositioned Stock 3, military vehicles assigned to the 402nd Army Field Support Brigade were successfully uploaded to the U.S. Navy Ship Red Cloud at Subic Bay, Philippines April 11, 2022.\n@yourphilarmy @USArmy https://t.co/0TTY6VBXzu",135.0,1.0,0.1375,0.1375,[9],"[52, 43, 58]",9,22,101
102,GLAND,"‚ÄúUK Government funds designed to replace #EU grants will leave Scotland, Wales, Cornwall and the north of England billions of pounds worse off while increasing funding to wealthier southern areas of England.‚Äù #BrexitReality  https://t.co/lx2MxKRdHg",712.0,1.0,-0.2,-0.2,[15],"[74, 45, 35]",9,23,102
103,ITC,"I‚Äôm sending 5 people money right now rt + post your cashapp, PayPal, Bitcoin now",2477.0,1.0,0.2857143,0.2857143,[25],"[38, 49, 79]",9,4,103
104,ITC,21Shares is set to become the first issuer to launch a spot #bitcoin ETF in Australia after Cosmos announced its de-facto fund of funds.\n\n@namcios reports:\n\nhttps://t.co/WEbRXrcvzD,218.0,2.0,0.25,0.25,[19],"[48, 79, 40]",9,4,104
105,ITC,And when will we REALLY start talking about what @terra_money is doing buying up #bitcoin. \n\nIt‚Äôs a big deal. \n\n$LUNA $UST,196.0,3.0,0.1,0.1,[7],"[79, 43, 60]",9,4,105
106,HDFC,üòÇüò≠Best meme on #hdfcbank and #HDFC merger so far! Via @vimsicle \n#RRR #Naatu https://t.co/rZ77K4Hvb2,4019.0,1.0,0.1,0.1,[4],"[32, 62, 49]",10,2,106
107,HDFC,"So much of social media, e-com, mails, e comm sites, apps - Netflix, Amazon, Hotstar, hdfc, youtube, axis, I have no more password combinations left in meü§îü§®üôá‚Äç‚ôÇÔ∏èüí≠ https://t.co/wZmrZzWt6K",604.0,2.0,-0.072222225,-0.072222225,[11],"[58, 62, 48]",10,2,107
108,HDFC,Why the Punjab Police service account has been given to @HDFC_Bank despite having number of PSUs. \n\nI request the CM @BhagwantMann &amp; @HarpalCheemaMLA to look into this.\n\n#hdfcbank,288.0,3.0,0.0,0.0,[15],"[34, 65, 58]",10,2,108
109,HDFC,HDFC up 15% üöÄ\nHDFC Bank up 13% üöÄ\nHDFC Life up 7% üöÄ\n\nNifty at 18000 üî• \n\nThanks to HDFC merger announcement ü§ù\n\nHDFC group contributing 90% + of Niftys 400 pt gain today üí∏üí∑\n\n#StockMarketindia #hdfcbank https://t.co/rK3Rv3Ri2J,265.0,4.0,0.2,0.2,[20],"[74, 55, 75]",10,2,109
110,RELIANCE,"Boris Johnson‚Äôs government has had 12 years to end the UK‚Äôs reliance on imported fossil fuels. \n\nThey chose not to. \n\nLabour would turbocharge the shift to cheap, clean, home-grown renewables and nuclear energy. https://t.co/s8vyphIilp",842.0,1.0,0.38333333,0.38333333,[3],"[77, 48, 47]",10,0,110
111,RELIANCE,"MSMEs are the backbone of Indian economy and will play a crucial role in accelerating India towards self-reliance. \n\nPM Shri @narendramodi‚Äôs govt. has approved ‚Çπ6,062.45 crore for rolling-out the World Bank assisted #RAMP scheme to revitalise the MSME sector. https://t.co/qkMwOCYS9M",632.0,2.0,0.0,0.0,[13],"[41, 49, 38]",10,0,111
112,RELIANCE,The choice to reject Russian gas comes at a high cost. It will bring pain to many.\n\nIt is nevertheless the right choice.\n\nThis moment is an opportunity we must not miss to break our self-destructive reliance on fossil fuels‚Äîand to stop bankrolling petrostate autocrats. https://t.co/negEYoPDCz,117.0,3.0,0.069142856,0.069142856,[15],"[71, 62, 46]",10,0,112
113,ITC,"The IOC will release 6,000 metric tonnes of diesel to #SriLanka as it pitches in to mitigate the spike in power cuts in the island nation, which is facing an unprecedented economic and energy crisis, officials in #Colombo said.\nhttps://t.co/rNK72swp2q",137.0,1.0,0.4,0.4,[13],"[63, 32, 38]",10,4,113
114,ZOMATO,"Hey @zomato instead of pushing your hapless delivery partners into 10 minute orders while so many of them struggle on cycles in the heat, maybe at least streamline systems enough for normally timed deliveries . Every time I‚Äôve used you past few weeks massive delays, poor response",320.0,1.0,-0.12222222,-0.12222222,[10],"[52, 60, 65]",11,18,114
115,ZOMATO,"urgent attentionüö®\n\n@zomato @zomatocare \n\nI wouldnt want call to you this but you are an \exploiter\\n\nFrom not paying the delivery executive enough, promoting bizzare and menacing strategy like \10 minutes delivery\ to ignoring the health and care of delivery executive.\n\n ++++",212.0,2.0,-0.5,-0.5,[26],"[37, 50, 56]",11,18,115
116,GLAND,"Welp‚Äîjust got denied Paxlovid by my healthcare plan. Got told they will only give out to severely immunocompromised‚Äîlike organ transplant, chemotherapy, or HIV. So, not having a thymus gland doesn‚Äôt qualifyü§∑üèª‚Äç‚ôÇÔ∏è. (‚ÄúT-cells‚Äù officially called thymus-derived lymphocytes)\n\nMeanwhile: https://t.co/HmxDa1RO0u",9185.0,1.0,0.0,0.0,[10],"[48, 59, 57]",11,23,116
117,GLAND,3) I do wish I had all of my right lung ü´Å though - lost part of it when I was 17 years old. A thymus gland would give me more peace of mind too. But such is life. Many people have unseen immunocompromised/ risk factors. Let‚Äôs all try to protect each other. üôè https://t.co/AC0WrjA0VP,3499.0,2.0,0.21011905,0.21011905,[10],"[71, 59, 69]",11,23,117
118,GLAND,3) I lost my thymus gland when I was 17 years old. T-cell maturation mostly happens when you‚Äôre young and in teenage years. So its borderline debatable how immunocompromised I am. But thymus can stay active until 40s. https://t.co/AC0WrjA0VP,1469.0,3.0,0.11333334,0.11333334,[23],"[66, 50, 72]",11,23,118
119,ITC,"Peter Thiel says a ‚Äúfinance gerontocracy‚Äù ‚Äî Warren Buffett, Jamie Dimon and Larry Fink ‚Äî is keeping #Bitcoin from reaching $100,000. Billionaire calls Berkshire CEO a ‚Äòsociopathic grandpa.‚Äô https://t.co/XlRn0jq9vn https://t.co/JQQVXLwtSk",2464.0,1.0,0.0,0.0,[17],"[38, 67, 40]",11,4,119
120,ITC,üö® PSA üö® \n\nBitcoin is inevitable\nBitcoin is for everyone\nR.I.P 1949 Finance ü¶ñ\n\nSpread the word (üîÅ) to unlock up to 200x Blinko (BTC) bonuses through the end of the day.\n\n + were going to give one of yall 1M sats ü§Ø. Be sure to hit follow so we can DM you. \n\nDeets below üëá,910.0,2.0,0.25,0.25,[28],"[34, 47, 79]",11,4,120
121,ZOMATO,If you‚Äôre in #India - The next time you order a take away from @swiggy_in or @zomato spare a thought for the driver who delivered your dinner. A powerful and thought provoking watch from the brilliant @Anshul_Verma__ https://t.co/GLCSzlTwfe,21.0,1.0,0.4,0.4,[15],"[57, 35, 64]",12,18,121
122,UPL,"#KGFChapter2: The happiness and excitement you experience after watching a great movie. :)\n\nIm going to sleep for a couple of hours exactly like this. And then wake up and continue hyping it.\n\nHave a great day, folks. https://t.co/fKTuptqFwD",111.0,1.0,0.6375,0.6375,[10],"[41, 76, 55]",12,22,122
123,GAIL,"WHKY: Members of @UNBWHockey have joined @joingailsfight\nIts easy to do.\nThere are over 1000 Canadians waiting for stem cell transplant to save their life, including Gail. \nJoin @CanadasLifeline stem cell registry today at https://t.co/4SArTsgclX.\n#goredsgo https://t.co/ouX2cwGDBG",60.0,1.0,0.43333334,0.43333334,[28],"[49, 77, 70]",12,17,123
124,UPL,You get 1-2 great investment opportunities every couple years. The rest of the time is spent wondering if you will ever get another great opportunity again and convincing yourself to own mediocre opportunities while you wait. Dont rationalize your way into mediocre investments.,1487.0,1.0,0.22857143,0.22857143,[14],"[64, 57, 36]",13,22,124
125,IOC,You get 1-2 great investment opportunities every couple years. The rest of the time is spent wondering if you will ever get another great opportunity again and convincing yourself to own mediocre opportunities while you wait. Dont rationalize your way into mediocre investments.,1487.0,1.0,0.22857143,0.22857143,[27],"[37, 47, 52]",13,8,125
126,ITC,Ritchie Blackmores Rainbow\nDebut Album\n1975 ads\n\n‚ÄúHis guitar helped sell 14 million records‚Äù\n\n‚ÄúHe found the voice of Ronnie James Dio‚Äù\n\n‚ÄúIt‚Äôs time for every store to stock this album‚Äù\n\nSong - The Temple Of The King was brilliantly covered by the Scorpions\n#ClassicRock #music https://t.co/aXpuaff23h,110.0,1.0,0.9,0.9,[2],"[36, 77, 67]",13,4,126
127,ZOMATO,I did something fun with @zomato! Check it out üçÖ\n\nhttps://t.co/ACdApBqSUa,1177.0,1.0,0.3,0.3,[25],"[66, 49, 54]",14,18,127
128,ZOMATO,"Luck been so bad in ZPL recently, only LORD Thakur can turntable it ‚ù§Ô∏è @zomato https://t.co/8ZmvKQPXeC",721.0,2.0,-0.35,-0.35,[16],"[73, 52, 54]",14,18,128
129,ZOMATO,@zomato #KKRAdmin was tweeting faster üòÜ,610.0,3.0,0.0,0.0,[22],"[77, 76, 72]",14,18,129
130,ZOMATO,"urgent attentionüö®\n\n@zomato @zomatocare \n\nI wouldnt want call to you this but you are an \exploiter\\n\nFrom not paying the delivery executive enough, promoting bizzare and menacing strategy like \10 minutes delivery\ to ignoring the health and care of delivery executive.\n\n ++++",210.0,4.0,-0.5,-0.5,[10],"[60, 46, 64]",14,18,130
131,ZOMATO,"#CheckingIn | How will @zomato deliver hot food in 10-min?üõµ\n\nIt will bank on @Mukunda_Foods to churn out dosas, noodles, burgers‚Ä¶in 2-3 mins!üçî\n\n@Aish_19_Anand checks into one of Mukundas #cloudkitchens with @sabatsudeep. \n\nTake a look! No...Take a bite!\n\n#zomatoinstant https://t.co/Nf3elCZim9",60.0,5.0,0.25,0.25,[14],"[37, 67, 59]",14,18,131
132,ZOMATO,"The weapon in @zomato 10 min food delivery arsenal ! Find out more, as @Aish_19_Anand checks into the Mukunda Foods #CloudKitchen @deepigoyal @sabatsudeep #Zomato https://t.co/YEwlxXxd8J",19.0,6.0,0.5,0.5,[9],"[58, 66, 49]",14,18,132
133,GLAND,"Welp‚Äîjust got denied Paxlovid by my healthcare plan. Got told they will only give out to severely immunocompromised‚Äîlike organ transplant, chemotherapy, or HIV. So, not having a thymus gland doesn‚Äôt qualifyü§∑üèª‚Äç‚ôÇÔ∏è. (‚ÄúT-cells‚Äù officially called thymus-derived lymphocytes)\n\nMeanwhile: https://t.co/HmxDa1RO0u",9170.0,1.0,0.0,0.0,[3],"[74, 40, 33]",14,23,133
134,GLAND,3) I do wish I had all of my right lung ü´Å though - lost part of it when I was 17 years old. A thymus gland would give me more peace of mind too. But such is life. Many people have unseen immunocompromised/ risk factors. Let‚Äôs all try to protect each other. üôè https://t.co/AC0WrjA0VP,3482.0,2.0,0.21011905,0.21011905,[20],"[74, 38, 66]",14,23,134
135,GLAND,3) I lost my thymus gland when I was 17 years old. T-cell maturation mostly happens when you‚Äôre young and in teenage years. So its borderline debatable how immunocompromised I am. But thymus can stay active until 40s. https://t.co/AC0WrjA0VP,1467.0,3.0,0.11333334,0.11333334,[3],"[74, 41, 75]",14,23,135
136,GLAND,"The yellow-spotted rock hyrax can be a bit clingy. How so? Its feet are specially equipped for scaling rocky terrain, thanks to secretions from a special gland on the bottom of its hairless feet. Its moistened paws contract into a cup shape, creating a suction cup-like effect!üêæ https://t.co/kaxiZVJVpG",378.0,4.0,0.22857143,0.22857143,[12],"[57, 63, 58]",14,23,136
137,GLAND,"Hypothyroidism is when your thyroid gland doesn‚Äôt make enough of certain key hormones. It can cause muscle and joint aches, as well as swelling and tenderness. https://t.co/xetPxHyuzu https://t.co/RlJ9CVA6EE",100.0,5.0,0.071428575,0.071428575,[4],"[35, 43, 48]",14,23,137
138,ITC,"A crisis of confidence in countries, currencies, banks, &amp; conventional finance is driving an explosion of interest in #bitcoin and the crypto-economy. @cvpayne &amp; I discuss the ongoing digital asset debates in the finance &amp; technology community and why enthusiasm is surging. https://t.co/VK8uGIgOiF",5351.0,1.0,-0.071428575,-0.071428575,[15],"[47, 51, 38]",14,4,138
139,ITC,"#CheckingIn | How will @zomato deliver hot food in 10-min?üõµ\n\nIt will bank on @Mukunda_Foods to churn out dosas, noodles, burgers‚Ä¶in 2-3 mins!üçî\n\n@Aish_19_Anand checks into one of Mukundas #cloudkitchens with @sabatsudeep. \n\nTake a look! No...Take a bite!\n\n#zomatoinstant https://t.co/Nf3elCZim9",60.0,2.0,0.25,0.25,[15],"[47, 55, 76]",14,4,139
140,ITC,"The weapon in @zomato 10 min food delivery arsenal ! Find out more, as @Aish_19_Anand checks into the Mukunda Foods #CloudKitchen @deepigoyal @sabatsudeep #Zomato https://t.co/YEwlxXxd8J",19.0,3.0,0.5,0.5,[19],"[55, 46, 71]",14,4,140
141,ZOMATO,@zomato #KKRAdmin was tweeting faster üòÜ,508.0,1.0,0.0,0.0,[15],"[47, 60, 51]",15,18,141
142,ZOMATO,"#Zomato, #Swiggy down in several cities as users complain of not being able to order food\n\n\Were currently not accepting orders online\ says \n@zomato app\n\n@awscloud @swiggy_in @deepigoyal @NayantaraRai #StocksToWatch #Fooddelivery https://t.co/d2brEh42Hr",28.0,2.0,0.08611111,0.08611111,[25],"[53, 64, 32]",15,18,142
143,ZOMATO,"Watch #IndiaIdeas April 7, Thu @8pm with @grrroy &amp; @Mukunda_Foodss @sabatsudeep getting @zomato-led funding &amp; @GetKappaXs @prashantodas, @NextMeet_Lives @pushpak_kypuram &amp; @invactHQs @manishm talk Indian #Startups Metaversify\n\n@Mayank23Agrawal @Chatty111Prasad @DDNewslive https://t.co/7wOiCUz0SE",28.0,2.0,0.0,0.0,[24],"[49, 72, 50]",15,18,143
144,UPL,"@PaulBrandITV @Paul12269604 @Mike_Fabricant When was dinner and a couple of glasses of wine a party? I get dinner most days out, and often have a drink, I‚Äôm certainly not partying every night. Like like a slice of cake in the office isn‚Äôt a party. Journalists are so pathetic, so desperate for a story, they make it all up.",243.0,1.0,-0.3017857,-0.3017857,[9],"[77, 32, 70]",15,22,144
145,UPL,A moment of silence in memory of fallen Speaker of Uganda Parliament Rt. Hon. Jacob Oulanyah.\n\n@BrightStarsFC vs @Busogautdfc in the  @upl at Kavumba stadium https://t.co/nbsh86aDgo,57.0,2.0,0.0,0.0,[23],"[36, 74, 33]",15,22,145
146,GLAND,"The #thyroid gland releases hormones that affect the heart. Too little thyroid hormone slows the #heart rate and may boost blood pressure and cholesterol levels, while too much can trigger abnormal heart rhythms and high blood pressure: https://t.co/YjVMBsJ5cF #HarvardHealth https://t.co/x3XjQJnFie",295.0,1.0,0.0575,0.0575,[9],"[51, 56, 62]",15,23,146
147,GLAND,Hypothyroidism is when your thyroid gland doesn‚Äôt make enough of certain key hormones. Symptoms to watch for: https://t.co/TfW9ndKeiv https://t.co/CU3pL2JAMp,160.0,2.0,0.071428575,0.071428575,[27],"[50, 51, 70]",15,23,147
148,GLAND,"Hypothyroidism is when your thyroid gland doesn‚Äôt make enough of certain key hormones. It can cause muscle and joint aches, as well as swelling and tenderness. https://t.co/5tOhY3fibN https://t.co/SjBD1vNWwc",118.0,3.0,0.071428575,0.071428575,[22],"[54, 60, 68]",15,23,148
149,GLAND,"Sweating more and being sensitive to heat are notable symptoms of hyperthyroidism. Your thyroid gland controls your metabolism, so when it makes too much hormone, your body goes into overdrive.  https://t.co/9YonjI5X7r https://t.co/oEkgHlxmDV",68.0,4.0,0.325,0.325,[7],"[68, 64, 43]",15,23,149
150,GAIL,"#Happydalithistorymonth! As a we open a this years theme on caste, labor, and migration we honor #gailomvedt for all of her incredible insight and scholarship which brought global attention to dalit, our dignity and labor! https://t.co/RofkDzGdT9",64.0,1.0,0.3,0.3,[20],"[49, 66, 48]",15,17,150
151,ITC,"CCI calls for DG investigation into cloud kitchens, price parity, entry barriers by Zomato and Swiggy\n\n#Zomato #Swiggy \n\nhttps://t.co/X98dMIIi1C",26.0,1.0,0.0,0.0,[12],"[44, 62, 74]",15,4,151
152,ZOMATO,How #Twitter came together to help a #zomato delivery executive buy a bike‚ú®\n\n@Adityaaa_Sharma https://t.co/j5ObyF0e10,646.0,1.0,0.0,0.0,[10],"[66, 60, 67]",16,18,152
153,ZOMATO,#Zomato introduces a food quality policy for restaurants w.e.f April 18\n\n@zomato to disable restaurants found with severe food quality complaints from its platform.\n\n@Shilparanipeta reports https://t.co/fNM3bbEHz9,243.0,2.0,0.0,0.0,[17],"[52, 74, 70]",16,18,153
154,GAIL,the prime rib sandwich ‚Äúswimming in horse radish and mustard‚Äù at hot stove club concession ($19+) is a fave for longtime raptors fans @SavelSells and @angelynsayshi‚Äôs mama gail chong. https://t.co/LDiuJuN8gn https://t.co/5a6sqFqKGR,14.0,1.0,0.25,0.25,[14],"[64, 33, 77]",16,17,154
155,ITC,"8 years of big talk has resulted in India having ONLY 8 DAYS of coal stocks.\n\nModi ji, stagflation is looming. Power cuts will crush small industries, leading to more job losses.\n\nSwitch off the bulldozers of hate and switch on the power plants! https://t.co/CiqP9SlHMx",23916.0,1.0,-0.11,-0.11,[9],"[78, 53, 43]",16,4,155
156,ITC,"JUST IN: üáÆüá≥ India‚Äôs Union Minister of Finance says the biggest risk of #Bitcoin and #crypto is money laundering, terror financing.",1842.0,2.0,0.0,0.0,[7],"[40, 74, 58]",16,4,156
157,HDFC,üòÇüò≠Best meme on #hdfcbank and #HDFC merger so far! Via @vimsicle \n#RRR #Naatu https://t.co/rZ77K4Hvb2,4268.0,1.0,0.1,0.1,[25],"[49, 46, 59]",17,2,157
158,HDFC,"So much of social media, e-com, mails, e comm sites, apps - Netflix, Amazon, Hotstar, hdfc, youtube, axis, I have no more password combinations left in meü§îü§®üôá‚Äç‚ôÇÔ∏èüí≠ https://t.co/wZmrZzWt6K",601.0,2.0,-0.072222225,-0.072222225,[15],"[78, 55, 48]",17,2,158
159,HDFC,Why the Punjab Police service account has been given to @HDFC_Bank despite having number of PSUs. \n\nI request the CM @BhagwantMann &amp; @HarpalCheemaMLA to look into this.\n\n#hdfcbank,298.0,3.0,0.0,0.0,[8],"[53, 75, 68]",17,2,159
160,RELIANCE,"The EW suite developed by #DRDO will be produced by #BEL, Hyderabad for #IAF in a recently concluded contract. A major boost to the spirit of #AatmanirbharBharat and realization of journey towards self reliance.\n@PMOIndia @DefenceMinIndia @SpokespersonMoD",1778.0,1.0,0.054166667,0.054166667,[10],"[32, 60, 73]",17,0,160
161,RELIANCE,"There are many possible critiques of Pakistan‚Äôs reliance on IMF/foreign aid, but we are outraging over how mere admission of such dependence insults our national pride\n\nFamily, community, nation - our destructive obsession with defending ‚Äúghairat‚Äù is frighteningly easy to exploit",716.0,2.0,-0.041666668,-0.041666668,[22],"[45, 48, 72]",17,0,161
162,RELIANCE,Demand Destruction happening now in the Telecom space as price elasticity of demand kicks in.\n\nreliance Jio lost 2 crore customers in the last two months after a steep tariff hike. https://t.co/QbiErtUrAB,677.0,3.0,0.0,0.0,[2],"[72, 73, 34]",17,0,162
163,RELIANCE,When I told German politicians and officials reliance on Russian gas was a catastrophic error answer invariably was: ‚ÄúWe know Russia better than you‚Äù,511.0,4.0,0.16666667,0.16666667,[22],"[67, 58, 50]",17,0,163
164,RELIANCE,"This important stride in healthcare sector truly symbolizes Honble PM Shri Narendra Modis vision of self-reliance, achieving excellence in modern health facilities for remote locations and reducing urban-rural divide to deliver services at peoples doorstep.",165.0,5.0,0.1,0.1,[24],"[58, 76, 68]",17,0,164
165,ITC,"The IOC will release 6,000 metric tonnes of diesel to #SriLanka as it pitches in to mitigate the spike in power cuts in the island nation, which is facing an unprecedented economic and energy crisis, officials in #Colombo said.\nhttps://t.co/rNK72swp2q",137.0,1.0,0.4,0.4,[4],"[35, 36, 49]",17,4,165
166,ZOMATO,#Zomato introduces a food quality policy for restaurants w.e.f April 18\n\n@zomato to disable restaurants found with severe food quality complaints from its platform.\n\n@Shilparanipeta reports https://t.co/fNM3bbEHz9,243.0,1.0,0.0,0.0,[6],"[75, 36, 62]",18,18,166
167,RELIANCE,"Turkey and Deutsche Bank are in the final stages of talks for a pioneering $1.1 billion loan to finance LNG purchases that will reduce the country‚Äôs reliance on Russian imports, sources say https://t.co/WnWVaSs1ob",89.0,1.0,0.0,0.0,[14],"[53, 63, 75]",18,0,167
168,GLAND,The #hypothalamus communicates with various brain regions and with the pituitary gland and thereby influences multiple neuroendocrine and autonomic functions https://t.co/D6ncUIy2mS https://t.co/IwjMadTCeU,17.0,1.0,0.0,0.0,[27],"[65, 50, 77]",18,23,168
169,GLAND,Generation of 3D lacrimal-gland-like tissue organoids from human ES cells and hiPS cells. #NBThighlight https://t.co/fjs3oOdMjT,16.0,2.0,0.0,0.0,[7],"[68, 54, 41]",18,23,169
170,ITC,"8 years of big talk has resulted in India having ONLY 8 DAYS of coal stocks.\n\nModi ji, stagflation is looming. Power cuts will crush small industries, leading to more job losses.\n\nSwitch off the bulldozers of hate and switch on the power plants! https://t.co/CiqP9SlHMx",25236.0,1.0,-0.11,-0.11,[27],"[70, 34, 37]",18,4,170
171,ITC,JUST IN: üá∏üáª Former finance minister in El Salvador says the #Bitcoin bonds are delayed due to a lack of interest among investors.,1932.0,2.0,-0.0625,-0.0625,[14],"[59, 79, 61]",18,4,171
172,ITC,"üá¨üáßüáÆüá≥ business collaborations are delivering jobs, growth &amp; opportunities for people in the UK and India, and this will only go from strength to strength in the coming years.\n@switchEVglobal, @Mphasis, @Prodapt, @tvsmotorcompany, @TVSSCS, @Propertyshare3, @BYJUS, @apollotyres",20.0,3.0,0.0,0.0,[9],"[69, 54, 57]",18,4,172
173,ZOMATO,"Dear @zomato, forget 10 mins delivery promises, have your delivery partners learn how to speak to female customers. \n\n‚ÄúChu****‚Äù isn‚Äôt exactly the kind of language training you should be imparting. \n\nStart there. You can get to 10 mins delivery promises much later. \n\n@deepigoyal",124.0,1.0,0.2125,0.2125,[23],"[79, 72, 65]",19,18,173
174,ZOMATO,"LIVE | Antitrust regulator CCI prima facie finds a case of misconduct by @swiggy_in &amp; @zomato, and has ordered an investigation. The case was filed by the NRAI. Here is NRAI president Kabir Suri üëá\n\n@NayantaraRai @NRAI_India @KabirSuriAzure @CCI_India https://t.co/CxXKjcWtVB",22.0,2.0,0.13636364,0.13636364,[9],"[33, 77, 51]",19,18,174
175,GLAND,"The #thyroid gland releases hormones that affect the heart. Too little thyroid hormone slows the #heart rate and may boost blood pressure and cholesterol levels, while too much can trigger abnormal heart rhythms and high blood pressure: https://t.co/YjVMBsJ5cF #HarvardHealth https://t.co/x3XjQJnFie",292.0,1.0,0.0575,0.0575,[5],"[49, 74, 33]",19,23,175
176,GLAND,Hypothyroidism is when your thyroid gland doesn‚Äôt make enough of certain key hormones. Symptoms to watch for: https://t.co/TfW9ndKeiv https://t.co/CU3pL2JAMp,156.0,2.0,0.071428575,0.071428575,[9],"[37, 74, 77]",19,23,176
177,GLAND,"Hypothyroidism is when your thyroid gland doesn‚Äôt make enough of certain key hormones. It can cause muscle and joint aches, as well as swelling and tenderness. https://t.co/5tOhY3fibN https://t.co/SjBD1vNWwc",118.0,3.0,0.071428575,0.071428575,[1],"[63, 54, 58]",19,23,177
178,GLAND,"Sweating more and being sensitive to heat are notable symptoms of hyperthyroidism. Your thyroid gland controls your metabolism, so when it makes too much hormone, your body goes into overdrive.  https://t.co/9YonjI5X7r https://t.co/oEkgHlxmDV",68.0,4.0,0.325,0.325,[25],"[72, 45, 63]",19,23,178
179,GAIL,"#Happydalithistorymonth! As a we open a this years theme on caste, labor, and migration we honor #gailomvedt for all of her incredible insight and scholarship which brought global attention to dalit, our dignity and labor! https://t.co/RofkDzGdT9",64.0,1.0,0.3,0.3,[15],"[75, 50, 39]",19,17,179
180,ITC,NEW üí• UK Finance Minister: We see ‚Äúenormous potential‚Äù in #Bitcoin and crypto,5320.0,1.0,0.045454547,0.045454547,[14],"[58, 51, 69]",19,4,180
